job_id,industry,required_skills,acceptable_majors,min_gpa,min_months_experience,min_academic_level,min_hours_per_week,min_length_of_commitment,job_in_person_commitment,min_num_publications,job_llm_output
J0001,Robotics,"['SLAM', 'ROS', 'PID Control', 'Control Systems', 'MuJoCo', 'Localization', 'Dynamics Modeling', 'Kalman Filters', 'Path Planning', 'Grasping']","['Computer Science', 'Statistics', 'Electrical Engineering']",2.06,5,UG2,15,1,Online,2,"As a Robotics Engineer, the candidate will be responsible for designing, implementing, and testing advanced robotics systems using SLAM, ROS, PID Control, and Control Systems. They will work on developing dynamic models, implementing Kalman Filters for localization, and creating path planning algorithms for autonomous navigation and grasping. Additionally, the candidate will collaborate with the team to improve MuJoCo simulations and optimize robot performance for various tasks."
J0002,Robotics,"['Robot Learning', 'Kalman Filters', 'Grasping', 'Control Systems', 'Navigation', 'Particle Filters', 'PID Control', 'ROS', 'Sensor Fusion', 'Dynamics Modeling']","['Computer Science', 'Applied Data Science', 'Applied Math']",2.61,9,UG2,22,2,In Person,1,"As a Robotics Engineer, the candidate will be responsible for designing, implementing, and testing advanced robot learning algorithms, focusing on improving grasping, navigation, and control systems. The successful candidate will work on developing robust sensor fusion techniques, including Kalman Filters and Particle Filters, to enhance the robot's perception and decision-making capabilities. Additionally, the engineer will contribute to the creation of dynamic models and the implementation of PID control systems to ensure the robot's stable and efficient operation."
J0003,Theory,"['Compressed Sensing', 'PAC Learning', 'Computational Complexity', 'Online Learning', 'High-Dimensional Statistics', 'Convex Optimization', 'Combinatorial Optimization', 'Optimization Theory', 'VC Dimension', 'Graph Theory']","['Applied Data Science', 'Electrical Engineering', 'Computer Science']",3.04,4,UG1,15,1,Online,0,"As a researcher in the field of Theory, the primary responsibility will be to advance the understanding of various mathematical and computational concepts. This will involve applying and developing techniques in Compressed Sensing, PAC Learning, Computational Complexity, Online Learning, High-Dimensional Statistics, Convex Optimization, Combinatorial Optimization, Optimization Theory, VC Dimension, and Graph Theory. The candidate will work on projects that aim to optimize algorithms, analyze their computational complexity, and apply these findings to real-world problems. Additionally, they will contribute to the development of new theoretical frameworks and methodologies to address challenges in these areas."
J0004,NLP,"['Text Generation', 'POS Tagging', 'Speech Recognition', 'Attention Mechanisms', 'Sentiment Analysis', 'Dialog Systems', 'Text Summarization', 'Machine Translation', 'Fine-tuning LLMs', 'GPT']","['Statistics', 'Electrical Engineering', 'Computer Science']",3.1,10,MS1,16,2,Hybrid,2,"As a Natural Language Processing (NLP) Engineer, you will be responsible for designing, developing, and implementing advanced NLP models to improve text generation, sentiment analysis, and machine translation capabilities. You will work on fine-tuning large language models (LLMs) such as GPT, incorporating attention mechanisms, and creating dialog systems that understand and respond to user queries effectively. Additionally, you will focus on speech recognition, POS tagging, and text summarization tasks to enhance the overall performance of our NLP systems."
J0005,Robotics,"['Kalman Filters', 'Control Systems', 'MuJoCo', 'Forward Kinematics', 'Motion Planning', 'Imitation Learning', 'V-REP', 'Robot Learning', 'Manipulation', 'PID Control']","['Computer Science', 'Electrical Engineering', 'Applied Data Science']",2.12,36,UG3,14,2,No Preference,0,"As a Robotics Engineer, you will be responsible for designing and implementing advanced control systems for robotic manipulators using Kalman Filters and PID Control. You will work on developing motion planning algorithms using MuJoCo and V-REP, as well as implementing imitation learning techniques for robot manipulation tasks. Additionally, you will focus on creating forward kinematics models for various robotic systems and integrating these models with your motion planning and control systems."
J0006,Theory,"['Linear Algebra', 'Statistical Learning Theory', 'High-Dimensional Statistics', 'Formal Methods', 'PAC Learning', 'Random Matrix Theory', 'Game Theory', 'Combinatorial Optimization', 'Graph Theory', 'Theoretical CS']","['Applied Data Science', 'Computer Science', 'Electrical Engineering']",3.8,8,MS1,32,1,In Person,0,"As a researcher in the field of theoretical computer science, the primary responsibility will be to conduct advanced research in various areas of mathematical theory, including linear algebra, statistical learning theory, high-dimensional statistics, formal methods, PAC learning, random matrix theory, game theory, combinatorial optimization, and graph theory. The candidate will develop and apply novel mathematical models and algorithms to solve complex problems in these areas. They will collaborate with other researchers, publish their findings in leading academic journals, and present their work at conferences and seminars."
J0007,Robotics,"['Sensor Fusion', 'MuJoCo', 'Grasping', 'Gazebo Simulation', 'Path Planning', 'Manipulation', 'Imitation Learning', 'Navigation', 'State Estimation', 'PID Control']","['Computer Science', 'Electrical Engineering', 'Applied Math']",3.75,0,UG1,35,2,In Person,1,"As a Robotics Engineer, you will be responsible for designing, developing, and implementing advanced sensor fusion algorithms for our robotic systems. Your primary focus will be on integrating MuJoCo, Grasping, and Gazebo Simulation into our robots to improve their performance in real-world scenarios. Additionally, you will work on developing path planning, manipulation, and navigation algorithms, as well as implementing state estimation and PID control systems to ensure the robots' smooth operation."
J0008,NLP,"['Sentiment Analysis', 'POS Tagging', 'Transformers', 'Text Generation', 'Information Extraction', 'Fine-tuning LLMs', 'Speech Recognition', 'Text Classification', 'Language Modeling', 'Machine Translation']","['Computer Science', 'Applied Data Science', 'Electrical Engineering']",2.28,10,MS1,34,4,No Preference,0,"As a Natural Language Processing (NLP) Engineer, you will be responsible for developing and implementing advanced machine learning models to analyze, classify, and generate human language data. You will work on tasks such as fine-tuning large language models (LLMs) for specific applications like sentiment analysis, text classification, and text generation. Additionally, you will focus on improving information extraction techniques, utilizing transformers, and enhancing speech recognition systems. Furthermore, you will collaborate on projects involving language modeling, machine translation, and POS tagging to create more efficient and accurate NLP solutions."
J0009,Applications (Other),"['Clinical Data Analysis', 'Fairness in ML', 'Federated Learning', 'Statistical Modeling', 'Forecasting', 'A/B Testing', 'Time Series Analysis', 'Experimental Design', 'Signal Processing', 'Causal Inference']","['Quantitative Biology', 'Statistics', 'Applied Data Science']",2.23,30,MS1,11,2,Online,2,"As a Data Scientist in the Applications (Other) industry, the candidate will be responsible for analyzing clinical data and developing statistical models to ensure fairness in machine learning algorithms. They will also work on implementing federated learning techniques, forecasting, A/B testing, and time series analysis. The candidate will design experimental setups, employ signal processing methods, and apply causal inference to make informed decisions and improve the performance of the models."
J0010,Robotics,"['Robot Learning', 'Computer Vision for Robotics', 'Dynamics Modeling', 'Inverse Kinematics', 'Manipulation', 'Trajectory Optimization', 'Navigation', 'State Estimation', 'Particle Filters', 'SLAM']","['Computer Science', 'Applied Math', 'Statistics']",2.45,4,UG3,2,1,Online,0,"As a Robotics Engineer, the candidate will be responsible for designing, developing, and implementing advanced algorithms for robot learning, computer vision, and dynamics modeling. They will work on tasks such as inverse kinematics, manipulation, trajectory optimization, and navigation, utilizing techniques like particle filters, SLAM, and state estimation. The candidate will also contribute to the development of robust and efficient robotic systems for various applications."
J0011,Applications (Other),"['Forecasting', 'Data Privacy', 'Statistical Modeling', 'Federated Learning', 'Time Series Analysis', 'Survival Analysis', 'Explainable AI', 'Epidemiology', 'Anomaly Detection', 'HIPAA Compliance']","['Electrical Engineering', 'Economics', 'Applied Math']",2.39,8,MS1,37,2,No Preference,0,"As a Data Scientist in the Applications (Other) industry, the successful candidate will be responsible for developing and implementing statistical models for forecasting and anomaly detection in a federated learning environment. The candidate will ensure data privacy and compliance with regulations such as HIPAA, while also focusing on explainable AI and epidemiology to improve the interpretability and reliability of the models. Additionally, the candidate will work on time series analysis and survival analysis to gain insights into the longevity and patterns of various datasets."
J0012,Applications (Other),"['Bioinformatics', 'HIPAA Compliance', 'Drug Discovery', 'Clinical Data Analysis', 'Forecasting', 'Data Privacy', 'Medical Imaging', 'Statistical Modeling', 'Survival Analysis', 'Causal Inference']","['Applied Math', 'Economics', 'Electrical Engineering']",3.44,6,UG2,13,2,Online,1,"As a Bioinformatics Specialist in our dynamic Applications team, you will be responsible for leveraging your expertise in drug discovery, clinical data analysis, and statistical modeling to develop and implement innovative solutions for our life sciences clients. You will work on projects that involve HIPAA compliance, data privacy, and medical imaging, ensuring the secure handling and analysis of sensitive patient data. Additionally, you will contribute to forecasting, survival analysis, and causal inference to drive evidence-based decision-making and contribute to the advancement of drug development and clinical research."
J0013,Reinforcement Learning,"['Multi-Agent RL', 'Unity ML-Agents', 'TD3', 'Policy Gradient', 'Off-Policy Learning', 'DDPG', 'Actor-Critic', 'Deep Q-Networks', 'Q-Learning', 'Value Iteration']","['Electrical Engineering', 'Computer Science', 'Applied Math']",3.67,15,UG2,27,1,No Preference,0,"As a Reinforcement Learning Engineer, the candidate will be responsible for designing, implementing, and optimizing multi-agent reinforcement learning algorithms to solve complex decision-making problems in Unity ML-Agents environment. The candidate will work on developing and improving deep reinforcement learning models such as TD3, Policy Gradient, and DDPG, utilizing actor-critic, deep Q-networks, and Q-learning techniques. Additionally, the candidate will focus on implementing value iteration methods for off-policy learning to enhance the efficiency and performance of the reinforcement learning models."
J0014,Reinforcement Learning,"['Temporal Difference', 'Q-Learning', 'Experience Replay', 'Multi-Agent RL', 'Unity ML-Agents', 'Inverse RL', 'OpenAI Gym', 'DDPG', 'Reward Shaping', 'PPO']","['Computer Science', 'Applied Data Science', 'Statistics']",2.34,13,UG1,38,1,Hybrid,0,"As a Reinforcement Learning Engineer, you will be responsible for designing and implementing advanced algorithms in the field of Reinforcement Learning. Specifically, you will work on optimizing Temporal Difference, Q-Learning, and Experience Replay methods for multi-agent scenarios using frameworks like Unity ML-Agents and OpenAI Gym. Additionally, you will explore and implement techniques such as Inverse RL, Reward Shaping, DDPG, and Proximal Policy Optimization (PPO) to improve the efficiency and effectiveness of the learning process."
J0015,Applications (Other),"['A/B Testing', 'Signal Processing', 'Anomaly Detection', 'Forecasting', 'Privacy-Preserving ML', 'Statistical Modeling', 'HIPAA Compliance', 'Time Series Analysis', 'Data Privacy', 'Causal Inference']","['Statistics', 'Computer Science', 'Applied Data Science']",2.73,36,UG2,38,1,No Preference,2,"As a Data Scientist in our Applications team, you will be responsible for developing and implementing A/B testing strategies, signal processing techniques, and anomaly detection algorithms to optimize user engagement and improve the performance of our applications. You will also work on forecasting models to predict user behavior and develop privacy-preserving machine learning models that comply with HIPAA regulations. Additionally, you will analyze time series data, apply statistical modeling techniques, and ensure data privacy and security in all your work."
J0016,CV,"['Pose Estimation', 'Style Transfer', 'Inception', 'ResNet', 'Image Classification', 'Stereo Vision', 'Transfer Learning', '3D Vision', 'Data Augmentation', 'R-CNN']","['Computer Science', 'Applied Data Science', 'Electrical Engineering']",3.21,19,UG4,21,3,In Person,1,"As a Computer Vision Engineer, you will be responsible for developing and implementing advanced techniques in the field of computer vision. Specifically, you will focus on tasks such as pose estimation, style transfer, and image classification using deep learning models like Inception and ResNet. Additionally, you will work on projects involving stereo vision, transfer learning, and 3D vision, as well as data augmentation and object detection using R-CNN. Your role will also involve staying updated with the latest research and advancements in the field to ensure the implementation of cutting-edge technologies."
J0017,CV,"['Pose Estimation', 'YOLO', 'Image Segmentation', 'Super Resolution', 'Image Classification', 'Style Transfer', 'ResNet', 'R-CNN', 'EfficientNet', 'Stereo Vision']","['Computer Science', 'Statistics', 'Electrical Engineering']",3.58,23,UG3,11,2,In Person,2,"As a Computer Vision Engineer, the candidate will be responsible for designing and implementing advanced algorithms for pose estimation, object detection, and image segmentation using deep learning techniques such as YOLO, ResNet, and R-CNN. They will also work on enhancing image quality through super-resolution and style transfer, and develop stereo vision algorithms for 3D reconstruction. The candidate will collaborate with a cross-functional team to integrate these technologies into real-world applications."
J0018,CV,"['VGG', '3D Vision', 'YOLO', 'R-CNN', 'ResNet', 'Stereo Vision', 'Facial Recognition', 'Super Resolution', 'SLAM', 'OCR']","['Applied Math', 'Electrical Engineering', 'Computer Science']",2.51,13,UG3,14,2,No Preference,1,"In this role, the candidate will be responsible for designing, developing, and implementing computer vision algorithms using various techniques such as VGG, 3D Vision, YOLO, R-CNN, ResNet, Stereo Vision, Facial Recognition, Super Resolution, SLAM, and OCR. They will work on enhancing the performance of existing algorithms and creating new ones to address specific industry challenges. The candidate will also collaborate with cross-functional teams to integrate their solutions into larger systems and ensure the overall quality and efficiency of the visual computing solutions."
J0019,Applications (Other),"['Time Series Analysis', 'Data Privacy', 'Drug Discovery', 'Ethics in AI', 'Statistical Modeling', 'Data Analysis', 'Explainable AI', 'Healthcare Analytics', 'HIPAA Compliance', 'Privacy-Preserving ML']","['Economics', 'Applied Math', 'Statistics']",3.27,35,UG1,8,1,In Person,1,"As a Data Scientist in the field of Applications (Other), you will be responsible for applying advanced data analysis techniques to complex datasets in the areas of Time Series Analysis, Data Privacy, Drug Discovery, and Ethics in AI. You will work on developing statistical models to analyze data, ensuring compliance with regulations such as HIPAA, and implementing Explainable AI to improve the transparency and interpretability of machine learning models. Additionally, you will collaborate with a cross-functional team to apply your expertise in Healthcare Analytics to real-world problems in the healthcare industry, while maintaining a strong focus on Privacy-Preserving Machine Learning to protect sensitive patient data."
J0020,CV,"['Super Resolution', 'R-CNN', 'GAN', 'SLAM', 'Object Detection', 'VGG', 'EfficientNet', 'OCR', 'Pose Estimation', 'Image Classification']","['Applied Math', 'Computer Science', 'Applied Data Science']",3.23,6,UG3,36,4,Online,0,"As a Computer Vision Engineer, the candidate will be responsible for designing and implementing advanced algorithms for super-resolution, object detection, and pose estimation using cutting-edge techniques such as R-CNN, GAN, and EfficientNet. They will also work on improving SLAM systems, implementing OCR for text recognition, and enhancing image classification models using VGG and other deep learning architectures. The successful candidate will collaborate with a team of researchers and engineers to develop innovative solutions in the field of computer vision."
J0021,Reinforcement Learning,"['TRPO', 'OpenAI Gym', 'Q-Learning', 'Experience Replay', 'Model-Based RL', 'Off-Policy Learning', 'TD3', 'Multi-Agent RL', 'Value Iteration', 'Actor-Critic']","['Computer Science', 'Applied Math', 'Electrical Engineering']",2.69,2,UG4,15,2,Hybrid,1,"As a Reinforcement Learning Engineer, you will be responsible for designing, implementing, and optimizing reinforcement learning algorithms to solve complex decision-making problems. You will work on developing and improving various RL techniques such as TRPO, Q-Learning, and Model-Based RL, utilizing libraries like OpenAI Gym and TensorFlow. Additionally, you will collaborate on projects involving Off-Policy Learning, Experience Replay, and Multi-Agent RL, with a focus on creating efficient and scalable solutions using techniques like TD3 and Value Iteration."
J0022,Reinforcement Learning,"['TD3', 'Q-Learning', 'Value Iteration', 'SAC', 'Temporal Difference', 'Model-Based RL', 'Multi-Agent RL', 'Policy Gradient', 'Bandit Algorithms', 'Monte Carlo Methods']","['Computer Science', 'Applied Math', 'Applied Data Science']",3.15,25,MS1,22,3,Hybrid,0,"As a Reinforcement Learning Engineer, the candidate will be responsible for designing, implementing, and optimizing reinforcement learning algorithms to solve complex decision-making problems. The primary focus will be on developing and applying advanced techniques such as TD3, Q-Learning, Value Iteration, SAC, Temporal Difference, Model-Based RL, Multi-Agent RL, Policy Gradient, Bandit Algorithms, Monte Carlo Methods to various real-world applications. Additionally, the candidate will collaborate with a team of researchers and engineers to improve the efficiency and effectiveness of these algorithms, ultimately contributing to the advancement of AI and machine learning in the industry."
J0023,CV,"['ResNet', 'Object Detection', 'YOLO', 'Facial Recognition', 'GAN', 'EfficientNet', 'Inception', 'OCR', 'Style Transfer', 'Stereo Vision']","['Statistics', 'Electrical Engineering', 'Computer Science']",2.69,36,UG2,17,2,In Person,2,"As a Computer Vision Engineer, you will be responsible for designing, developing, and implementing advanced computer vision algorithms using state-of-the-art deep learning techniques such as ResNet, Object Detection, YOLO, and Facial Recognition. You will also work on enhancing the performance of our models using techniques like GAN, EfficientNet, Inception, and OCR. Additionally, you will be involved in projects that require Style Transfer, Stereo Vision, and other advanced computer vision tasks to create innovative solutions for our clients."
J0024,CV,"['3D Vision', 'SLAM', 'Point Cloud Processing', 'Image Classification', 'EfficientNet', 'GAN', 'Image Segmentation', 'Inception', 'Super Resolution', 'YOLO']","['Computer Science', 'Electrical Engineering', 'Applied Math']",3.3,19,MS1,20,2,No Preference,2,"As a Computer Vision Engineer, the candidate will be responsible for developing and implementing advanced algorithms for 3D vision, SLAM, and point cloud processing. They will work on improving image classification using EfficientNet and Generative Adversarial Networks (GAN), as well as implementing image segmentation techniques such as Inception and Super Resolution. Additionally, the candidate will contribute to the development of object detection systems using YOLO. In this role, the Computer Vision Engineer will be expected to design, develop, and optimize computer vision algorithms to meet the requirements of autonomous vehicles. They will collaborate with cross-functional teams to integrate their solutions into the overall system architecture. The candidate will also."
J0025,Theory,"['High-Dimensional Statistics', 'Linear Algebra', 'Information Theory', 'Game Theory', 'Combinatorial Optimization', 'Probability Theory', 'Random Matrix Theory', 'VC Dimension', 'Sparse Recovery', 'Algorithm Design']","['Electrical Engineering', 'Computer Science', 'Applied Data Science']",2.55,13,UG4,38,2,No Preference,1,"As a Research Scientist in the field of Theory, you will be responsible for developing and implementing advanced algorithms in high-dimensional statistics, linear algebra, information theory, game theory, combinatorial optimization, probability theory, random matrix theory, VC dimension, sparse recovery, and algorithm design. You will work on creating innovative solutions to complex problems, conducting rigorous theoretical analysis, and collaborating with a team of researchers to publish groundbreaking research in top-tier journals. Your primary focus will be on designing, testing, and refining mathematical models to improve our understanding of various complex systems and their behavior."
J0026,NLP,"['Dialog Systems', 'Machine Translation', 'Information Extraction', 'Dependency Parsing', 'Sentiment Analysis', 'GPT', 'Language Modeling', 'Chatbots', 'Word Embeddings', 'Text Summarization']","['Electrical Engineering', 'Applied Data Science', 'Computer Science']",3.47,15,UG3,15,3,In Person,0,"As a NLP Engineer, you will be responsible for designing and implementing cutting-edge natural language processing solutions. This will involve working on dialog systems, machine translation, and information extraction, among other tasks. You will also be expected to contribute to our language modeling efforts, particularly in the areas of GPT and chatbots. Additionally, you will have the opportunity to work on projects related to sentiment analysis, dependency parsing, word embeddings, and text summarization. Your work will be instrumental in improving our language understanding capabilities and enhancing the user experience of our products."
J0027,Reinforcement Learning,"['Reward Shaping', 'Markov Decision Process', 'Policy Gradient', 'Unity ML-Agents', 'OpenAI Gym', 'Bandit Algorithms', 'SAC', 'Temporal Difference', 'Experience Replay', 'DDPG']","['Computer Science', 'Electrical Engineering', 'Statistics']",2.44,0,UG1,28,2,In Person,2,"As a Reinforcement Learning Engineer, you will be responsible for designing and implementing advanced reinforcement learning algorithms to optimize agent behaviors in complex environments. Your primary tasks will involve working on reward shaping, Markov Decision Processes, and policy gradient methods to develop intelligent agents capable of learning from experience. You will also be required to leverage Unity ML-Agents and OpenAI Gym for simulating and testing these agents, as well as exploring the use of deep reinforcement learning techniques such as SAC, Temporal Difference, Experience Replay, and DDPG."
J0028,Reinforcement Learning,"['Actor-Critic', 'Unity ML-Agents', 'PPO', 'Off-Policy Learning', 'Exploration Strategies', 'DDPG', 'Model-Based RL', 'Value Iteration', 'Dynamic Programming', 'OpenAI Gym']","['Computer Science', 'Electrical Engineering', 'Statistics']",3.5,35,UG4,11,2,No Preference,1,"As a Reinforcement Learning Engineer, you will be responsible for designing and implementing advanced machine learning algorithms, specifically focusing on Actor-Critic methods, using popular frameworks such as Unity ML-Agents and OpenAI Gym. Your primary tasks will involve the development and optimization of Off-Policy Learning techniques, including Proximal Policy Optimization (PPO), and the exploration of DDPG and Model-Based RL strategies. Additionally, you will work on enhancing exploration strategies, employing Value Iteration and Dynamic Programming, and contributing to the creation of more efficient and intelligent agents for a wide range of applications."
J0029,Reinforcement Learning,"['Dynamic Programming', 'Multi-Agent RL', 'Exploration Strategies', 'Reward Shaping', 'Experience Replay', 'TD3', 'Off-Policy Learning', 'Unity ML-Agents', 'Policy Gradient', 'Inverse RL']","['Computer Science', 'Electrical Engineering', 'Applied Math']",2.42,21,UG3,35,1,Online,1,"As a Reinforcement Learning Engineer, you will be responsible for designing, implementing, and optimizing advanced reinforcement learning algorithms for various applications. Your primary focus will be on developing and integrating dynamic programming, multi-agent RL, exploration strategies, reward shaping, and experience replay techniques to enhance the performance of reinforcement learning models. Additionally, you will work on implementing off-policy learning methods such as TD3, policy gradient, and inverse RL, and leverage Unity ML-Agents to create and test your models in simulated environments."
J0030,Robotics,"['Localization', 'Robot Learning', 'Computer Vision for Robotics', 'Path Planning', 'Grasping', 'V-REP', 'Forward Kinematics', 'Kalman Filters', 'Navigation', 'Gazebo Simulation']","['Computer Science', 'Applied Data Science', 'Electrical Engineering']",2.11,26,UG4,38,3,No Preference,1,"As a Robotics Engineer, you will be responsible for designing, implementing, and testing advanced localization and navigation systems for our robotic platforms. You will work on developing computer vision algorithms for object recognition and robot learning, as well as path planning and grasping techniques. Utilizing simulation software such as V-REP, Gazebo, and other tools, you will create realistic and challenging environments to test and validate your solutions. Your work will directly contribute to the development of autonomous robots capable of performing complex tasks in various environments."
J0031,Applications (Other),"['Clinical Data Analysis', 'Fairness in ML', 'Genomics', 'Drug Discovery', 'Causal Inference', 'Data Privacy', 'Federated Learning', 'Signal Processing', 'A/B Testing', 'Ethics in AI']","['Applied Math', 'Quantitative Biology', 'Computer Science']",2.7,25,UG2,30,3,No Preference,2,"As a Data Scientist in the Applications (Other) industry, you will be responsible for analyzing clinical data to drive drug discovery and improve healthcare outcomes. You will apply your expertise in Fairness in ML, Genomics, and Causal Inference to develop models that ensure unbiased and accurate predictions. Additionally, you will work on projects involving Data Privacy, Federated Learning, Signal Processing, A/B Testing, and Ethics in AI, ensuring that our solutions are secure, efficient, and socially responsible."
J0032,CV,"['3D Vision', 'Convolutional Neural Networks', 'Image Segmentation', 'OCR', 'GAN', 'R-CNN', 'VAE', 'Mask R-CNN', 'Object Detection', 'ResNet']","['Computer Science', 'Applied Math', 'Applied Data Science']",2.68,13,UG4,21,2,Hybrid,1,"As a Computer Vision Engineer, you will be responsible for designing, developing, and implementing advanced algorithms for object detection, image segmentation, and recognition. You will work on projects involving Convolutional Neural Networks (CNNs), Generative Adversarial Networks (GANs), Variational Autoencoders (VAEs), and Recurrent Convolutional Neural Networks (R-CNNs). Additionally, you will utilize cutting-edge techniques such as Mask R-CNN and ResNet to enhance the performance of our AI models in real-world applications."
J0033,Theory,"['Optimization Theory', 'Regret Analysis', 'Algorithm Design', 'High-Dimensional Statistics', 'Computational Complexity', 'Graph Theory', 'Statistical Learning Theory', 'Computational Learning Theory', 'Sparse Recovery', 'Formal Methods']","['Computer Science', 'Electrical Engineering', 'Applied Data Science']",3.71,12,UG1,40,1,No Preference,2,"As a Research Scientist in the field of Theory, the candidate will be responsible for designing and analyzing optimization algorithms, with a focus on regret analysis and computational complexity. They will work on developing new techniques in high-dimensional statistics, graph theory, and statistical learning theory, with the goal of improving sparse recovery and reducing computational time. Additionally, the candidate will contribute to the development of formal methods for understanding and improving computational learning theory."
J0034,Applications (Other),"['A/B Testing', 'Differential Privacy', 'Medical Imaging', 'Ethics in AI', 'Clinical Data Analysis', 'Privacy-Preserving ML', 'Bioinformatics', 'Experimental Design', 'Fairness in ML', 'Survival Analysis']","['Statistics', 'Computer Science', 'Electrical Engineering']",3.04,24,UG4,13,1,In Person,2,"As a Research Scientist in the field of Applications (Other), your primary responsibility will be to design and execute A/B tests for various medical imaging applications. You will leverage your expertise in Differential Privacy, Privacy-Preserving Machine Learning, and Bioinformatics to ensure the ethical and fair implementation of these tests. Additionally, you will analyze clinical data using experimental design principles, Survival Analysis, and Fairness in Machine Learning techniques to improve the accuracy and reliability of our medical imaging solutions."
J0035,Theory,"['Mathematical Proofs', 'Compressed Sensing', 'Convex Optimization', 'Random Matrix Theory', 'Computational Complexity', 'Graph Theory', 'High-Dimensional Statistics', 'Game Theory', 'Theoretical CS', 'Optimization Theory']","['Computer Science', 'Applied Math', 'Electrical Engineering']",2.91,21,UG1,27,3,No Preference,1,"As a Theoretical Computer Scientist, the successful candidate will be responsible for developing novel mathematical proofs and algorithms in the field of compressed sensing, convex optimization, and random matrix theory. They will work on designing efficient computational algorithms for high-dimensional statistics, graph theory, and game theory problems, with a focus on minimizing computational complexity. The candidate will collaborate with a multidisciplinary team to analyze and solve complex optimization problems, contributing to groundbreaking research in theoretical computer science and related fields. </s> As a Theoretical Computer Scientist, your primary responsibility will be to develop innovative mathematical proofs and algorithms in the areas of compressed sensing, convex optimization, and."
J0036,Robotics,"['Navigation', 'Robot Learning', 'Localization', 'Grasping', 'Sensor Fusion', 'State Estimation', 'PID Control', 'Kalman Filters', 'Obstacle Avoidance', 'Dynamics Modeling']","['Applied Data Science', 'Electrical Engineering', 'Computer Science']",2.78,17,UG3,16,3,Hybrid,1,"As a Robotics Engineer, you will be responsible for designing, developing, and implementing advanced navigation systems for autonomous robots. You will work on tasks such as robot learning, localization, grasping, and obstacle avoidance, utilizing techniques like sensor fusion, state estimation, PID control, Kalman filters, and dynamics modeling. Additionally, you will focus on improving the robot's ability to navigate complex environments by enhancing its localization and obstacle avoidance capabilities."
J0037,Reinforcement Learning,"['Experience Replay', 'Unity ML-Agents', 'Bandit Algorithms', 'Markov Decision Process', 'Temporal Difference', 'Model-Based RL', 'Q-Learning', 'Reward Shaping', 'Value Iteration', 'TRPO']","['Electrical Engineering', 'Computer Science', 'Statistics']",2.88,22,UG3,22,2,In Person,2,"As a Reinforcement Learning Engineer, the candidate will be responsible for designing and implementing advanced reinforcement learning algorithms to train intelligent agents within the Unity ML-Agents environment. The primary focus will be on developing and optimizing model-based reinforcement learning methods such as Temporal Difference, Value Iteration, and Q-Learning. Additionally, the candidate will work on enhancing the learning process through techniques like Experience Replay, Reward Shaping, and TRPO to ensure the agents make informed decisions based on the reward structure."
J0038,Reinforcement Learning,"['Policy Gradient', 'TD3', 'OpenAI Gym', 'Reward Shaping', 'DDPG', 'Off-Policy Learning', 'Value Iteration', 'Bandit Algorithms', 'Unity ML-Agents', 'Q-Learning']","['Computer Science', 'Electrical Engineering', 'Applied Math']",2.17,14,UG4,16,2,No Preference,2,"As a Reinforcement Learning Engineer, you will be responsible for designing and implementing advanced reinforcement learning algorithms to solve complex decision-making problems. You will work on projects involving policy gradient methods, such as Proximal Policy Optimization (PPO), Twin Delayed DDPG (TD3), and Deep Q-Network (DQN). Additionally, you will research and apply techniques like reward shaping, off-policy learning, and value iteration to optimize agent performance in various environments, including those simulated using OpenAI Gym, Unity ML-Agents, and custom game engines."
J0039,CV,"['EfficientNet', 'GAN', 'Super Resolution', 'Inception', 'Point Cloud Processing', 'VAE', 'ResNet', 'VGG', 'Pose Estimation', 'Transfer Learning']","['Electrical Engineering', 'Computer Science', 'Applied Data Science']",2.22,12,UG3,8,1,Online,0,"As a Computer Vision Engineer, you will be responsible for developing and implementing advanced deep learning models for tasks such as super-resolution, pose estimation, and point cloud processing. This will involve utilizing cutting-edge techniques like EfficientNet, GAN, and Transfer Learning, as well as popular architectures like ResNet, VGG, and Variational Autoencoders (VAE). Additionally, you will work on enhancing existing models by incorporating techniques like Inception and VAE for improved performance in tasks like super-resolution and image recognition."
J0040,Robotics,"['Obstacle Avoidance', 'PID Control', 'Particle Filters', 'State Estimation', 'Gazebo Simulation', 'Inverse Kinematics', 'SLAM', 'Computer Vision for Robotics', 'V-REP', 'Control Systems']","['Computer Science', 'Statistics', 'Electrical Engineering']",2.65,19,UG1,35,1,In Person,2,"As a Robotics Engineer, you will be responsible for designing and implementing advanced obstacle avoidance systems, utilizing techniques such as PID control, particle filters, and state estimation. You will also work on simulating these systems in Gazebo and V-REP, as well as developing SLAM algorithms for autonomous navigation. Additionally, you will be tasked with implementing inverse kinematics and computer vision for robotics to enhance the performance and safety of our robots."
J0041,Theory,"['Formal Methods', 'Linear Algebra', 'Sparse Recovery', 'Regret Analysis', 'Convex Optimization', 'Algorithm Design', 'Random Matrix Theory', 'VC Dimension', 'Mathematical Proofs', 'Concentration Inequalities']","['Computer Science', 'Electrical Engineering', 'Statistics']",2.79,11,UG1,17,4,In Person,0,"As a researcher in the field of theory, the candidate will be responsible for designing and analyzing novel algorithms in the areas of formal methods, linear algebra, sparse recovery, and regret analysis. They will work on developing algorithms for convex optimization and random matrix theory, with a focus on understanding their performance guarantees and proving their correctness through mathematical proofs. The candidate will also investigate the VC dimension and concentration inequalities to improve the efficiency and robustness of these algorithms. </s> As a researcher in the field of theory, the candidate will be responsible for designing and analyzing novel algorithms in the areas of formal methods, linear algebra, sparse recovery, and regret analysis. They will work."
J0042,NLP,"['Dependency Parsing', 'GPT', 'Document Clustering', 'Speech Recognition', 'BERT', 'Named Entity Recognition', 'Text Summarization', 'Language Modeling', 'Prompt Engineering', 'Question Answering']","['Statistics', 'Computer Science', 'Electrical Engineering']",2.21,26,MS1,39,1,No Preference,1,"As a Natural Language Processing (NLP) Engineer, you will be responsible for developing and implementing advanced NLP models to improve the performance of our language understanding systems. Your primary focus will be on enhancing our existing models in areas such as dependency parsing, GPT, document clustering, and speech recognition. Additionally, you will work on integrating state-of-the-art techniques like BERT, named entity recognition, text summarization, language modeling, prompt engineering, and question answering to further refine our models' capabilities. Throughout this process, you will collaborate with a cross-functional team to ensure the successful integration of your solutions into our overall product offering."
J0043,NLP,"['Language Modeling', 'Document Clustering', 'Tokenization', 'Fine-tuning LLMs', 'Prompt Engineering', 'Text Summarization', 'BERT', 'Text Classification', 'Machine Translation', 'Information Extraction']","['Computer Science', 'Applied Data Science', 'Electrical Engineering']",2.48,5,UG2,16,1,Online,0,"As a Language Modeling Engineer, you will be responsible for designing and implementing advanced natural language processing (NLP) models, focusing on tasks such as document clustering, tokenization, and fine-tuning large language models (LLMs). You will work on developing effective prompt engineering strategies, text summarization techniques, and text classification algorithms, leveraging cutting-edge technologies like BERT. Additionally, you will contribute to machine translation projects and information extraction systems, ensuring the delivery of high-quality, efficient, and accurate NLP solutions."
J0044,NLP,"['POS Tagging', 'Chatbots', 'Text Summarization', 'Dependency Parsing', 'Language Modeling', 'BERT', 'Question Answering', 'Speech Recognition', 'Topic Modeling', 'Fine-tuning LLMs']","['Computer Science', 'Applied Math', 'Applied Data Science']",2.13,14,UG3,38,1,No Preference,0,"As a Natural Language Processing (NLP) Engineer, you will be responsible for developing and implementing cutting-edge NLP models to improve the performance of our chatbots and text summarization systems. Your primary tasks will involve fine-tuning Language Model Models (LLMs) using techniques such as BERT, and implementing advanced NLP techniques like POS tagging, dependency parsing, and question answering. Additionally, you will work on speech recognition projects and explore the use of topic modeling to enhance our language understanding capabilities."
J0045,CV,"['Transfer Learning', 'OCR', 'R-CNN', 'ResNet', 'Stereo Vision', 'Image Segmentation', 'Object Detection', 'Mask R-CNN', 'VGG', 'Style Transfer']","['Computer Science', 'Statistics', 'Applied Data Science']",2.79,29,UG3,26,4,No Preference,0,"As a Computer Vision Engineer, the candidate will be responsible for developing and implementing advanced machine learning algorithms for various computer vision tasks. Specifically, the candidate will work on transfer learning, object detection using R-CNN and Mask R-CNN, and image segmentation using ResNet and VGG architectures. Additionally, the candidate will contribute to the development of OCR systems, stereo vision algorithms, and style transfer techniques to enhance the performance of our computer vision applications."
J0046,CV,"['Object Detection', 'GAN', 'Inception', 'Facial Recognition', 'ResNet', 'Convolutional Neural Networks', 'Image Segmentation', 'Transfer Learning', '3D Vision', 'OCR']","['Applied Data Science', 'Electrical Engineering', 'Computer Science']",3.04,11,UG4,34,2,Online,2,"In this role, the candidate will be responsible for developing and implementing advanced object detection models using cutting-edge techniques such as Generative Adversarial Networks (GAN), Inception, and ResNet. They will also work on improving facial recognition algorithms, employing Convolutional Neural Networks (CNN) and Image Segmentation. Additionally, the successful candidate will engage in transfer learning projects, focusing on 3D Vision and Optical Character Recognition (OCR) to enhance the performance of our machine learning models."
J0047,NLP,"['Speech Recognition', 'Dependency Parsing', 'GPT', 'Prompt Engineering', 'Attention Mechanisms', 'Tokenization', 'Word Embeddings', 'Document Clustering', 'Text Classification', 'Sentiment Analysis']","['Electrical Engineering', 'Computer Science', 'Applied Data Science']",2.59,31,UG3,26,3,No Preference,0,"As a Natural Language Processing (NLP) Engineer, you will be responsible for designing, developing, and implementing state-of-the-art algorithms and models to improve speech recognition, dependency parsing, and other key NLP tasks. You will work on enhancing existing models using techniques such as prompt engineering, attention mechanisms, tokenization, and word embeddings. Additionally, you will contribute to projects involving document clustering, text classification, sentiment analysis, and other data-driven NLP applications. Your role will involve a mix of theoretical research, practical implementation, and collaboration with a team of experts to deliver high-quality NLP solutions."
J0048,Theory,"['PAC Learning', 'Approximation Algorithms', 'Convex Optimization', 'Combinatorial Optimization', 'Concentration Inequalities', 'Algorithm Design', 'High-Dimensional Statistics', 'Online Learning', 'Game Theory', 'Computational Complexity']","['Applied Data Science', 'Computer Science', 'Statistics']",2.34,23,MS1,32,1,Online,1,"As a researcher in the field of theory, the candidate will be responsible for developing and analyzing novel algorithms for machine learning and optimization problems. This will involve applying techniques from PAC learning, approximation algorithms, convex optimization, and combinatorial optimization, as well as utilizing concentration inequalities and high-dimensional statistics. The candidate will also design new algorithms for online learning, game theory, and computational complexity, and may collaborate with other researchers on these projects. The ultimate goal is to advance the state of the art in these areas and contribute to the development of more efficient and effective algorithms for a wide range of applications."
J0049,CV,"['R-CNN', 'VGG', 'VAE', 'Image Generation', 'YOLO', 'Convolutional Neural Networks', 'Transfer Learning', 'Mask R-CNN', 'SLAM', 'Facial Recognition']","['Computer Science', 'Electrical Engineering', 'Applied Data Science']",2.99,5,UG2,8,1,Online,1,"As a Computer Vision Engineer, the successful candidate will work on developing and implementing advanced deep learning models for image generation, including R-CNN, VGG, and VAE. They will also be responsible for utilizing techniques such as YOLO, Convolutional Neural Networks, and Transfer Learning to enhance the performance of these models. Additionally, the candidate will collaborate on projects involving Mask R-CNN, SLAM, and Facial Recognition, contributing to the development of cutting-edge computer vision solutions."
J0050,Robotics,"['Inverse Kinematics', 'State Estimation', 'Robot Learning', 'PID Control', 'Grasping', 'Obstacle Avoidance', 'Gazebo Simulation', 'Control Systems', 'Navigation', 'Localization']","['Computer Science', 'Applied Data Science', 'Electrical Engineering']",2.69,32,UG2,5,2,Hybrid,2,"As a Robotics Engineer, the candidate will be responsible for designing and implementing advanced control systems, incorporating techniques such as Inverse Kinematics, PID Control, and Grasping, to enhance the functionality and efficiency of robotic systems. The candidate will also work on developing robust state estimation and obstacle avoidance algorithms, ensuring the safe and effective navigation of robots in complex environments. Additionally, the candidate will contribute to the development and simulation of robotic systems using tools like Gazebo Simulation, and will collaborate with the team to integrate their work with the overall robot learning and localization systems."
J0051,Theory,"['Algorithm Design', 'VC Dimension', 'Theoretical CS', 'Random Matrix Theory', 'Mathematical Proofs', 'Regret Analysis', 'Linear Algebra', 'Online Learning', 'Compressed Sensing', 'Graph Theory']","['Applied Data Science', 'Computer Science', 'Applied Math']",2.6,34,UG4,30,3,Online,2,"As a Research Scientist in the field of Theoretical Computer Science, the candidate will be responsible for designing and analyzing algorithms with a focus on the VC dimension, random matrix theory, and mathematical proofs. The successful candidate will work on developing new theoretical models for online learning, regret analysis, linear algebra, and compressed sensing. Additionally, they will contribute to the study of graph theory and its applications in machine learning and data analysis."
J0052,NLP,"['Question Answering', 'Tokenization', 'BERT', 'Word Embeddings', 'Dependency Parsing', 'Seq2Seq', 'Text Summarization', 'Named Entity Recognition', 'Speech Recognition', 'Chatbots']","['Computer Science', 'Statistics', 'Applied Data Science']",2.23,21,UG1,29,2,In Person,2,"As a Natural Language Processing (NLP) Engineer, you will be responsible for designing, developing, and implementing advanced machine learning models to enhance our NLP capabilities. Specifically, you will work on tasks such as question answering, tokenization, and text summarization using techniques like BERT, Word Embeddings, and Seq2Seq. Additionally, you will contribute to projects involving dependency parsing, named entity recognition, and speech recognition to improve the performance of our chatbots."
J0053,Reinforcement Learning,"['OpenAI Gym', 'Dynamic Programming', 'PPO', 'Policy Gradient', 'Reward Shaping', 'Multi-Agent RL', 'Model-Based RL', 'Temporal Difference', 'Value Iteration', 'Bandit Algorithms']","['Applied Data Science', 'Electrical Engineering', 'Computer Science']",3.53,34,UG4,21,2,In Person,2,"As a Reinforcement Learning Engineer, you will be responsible for designing and implementing advanced reinforcement learning algorithms to solve complex decision-making problems. You will work on developing and optimizing models using OpenAI Gym, Dynamic Programming, Proximal Policy Optimization (PPO), Policy Gradient, Reward Shaping, Multi-Agent RL, Model-Based RL, Temporal Difference, Value Iteration, and Bandit Algorithms. Your primary focus will be on creating efficient and effective reinforcement learning solutions that can be applied to a wide range of real-world scenarios."
J0054,Applications (Other),"['Federated Learning', 'Data Privacy', 'HIPAA Compliance', 'Fairness in ML', 'Survival Analysis', 'Time Series Analysis', 'Drug Discovery', 'Bioinformatics', 'Causal Inference', 'Medical Imaging']","['Applied Data Science', 'Economics', 'Electrical Engineering']",3.63,2,UG3,4,2,No Preference,0,"As a Senior Machine Learning Engineer, you will be responsible for designing and implementing federated learning models to address complex data privacy challenges in the healthcare sector. You will work on integrating HIPAA compliance, fairness in machine learning, and data privacy best practices to ensure secure and ethical data usage. Additionally, you will collaborate with cross-functional teams to apply your expertise in survival analysis, time series analysis, drug discovery, bioinformatics, causal inference, and medical imaging to drive innovative solutions in the field of personalized medicine."
J0055,Reinforcement Learning,"['Exploration Strategies', 'OpenAI Gym', 'Bandit Algorithms', 'Value Iteration', 'TRPO', 'Dynamic Programming', 'Markov Decision Process', 'Policy Gradient', 'Temporal Difference', 'TD3']","['Computer Science', 'Statistics', 'Electrical Engineering']",2.9,9,UG2,30,2,Hybrid,2,"As a Reinforcement Learning Engineer, you will be responsible for designing and implementing exploration strategies for various environments using OpenAI Gym. You will also work on developing and applying advanced reinforcement learning algorithms such as Bandit Algorithms, Value Iteration, TRPO, Dynamic Programming, Markov Decision Process, Policy Gradient, Temporal Difference, and TD3. Additionally, you will be tasked with optimizing and improving the performance of these algorithms to solve complex decision-making problems."
J0056,Applications (Other),"['Medical Imaging', 'Fairness in ML', 'HIPAA Compliance', 'Causal Inference', 'Privacy-Preserving ML', 'Time Series Analysis', 'Survival Analysis', 'Clinical Data Analysis', 'Epidemiology', 'Drug Discovery']","['Economics', 'Electrical Engineering', 'Applied Math']",3.52,12,UG4,31,2,Hybrid,2,"As a Medical Imaging Data Scientist, you will be responsible for developing and implementing machine learning models to analyze medical imaging data, ensuring fairness and HIPAA compliance. You will work on projects that involve causal inference, privacy-preserving machine learning, time series analysis, survival analysis, and clinical data analysis. Additionally, you will contribute to epidemiological studies and drug discovery initiatives by analyzing large-scale clinical datasets."
J0057,Theory,"['Formal Methods', 'VC Dimension', 'Algorithm Design', 'Mathematical Proofs', 'Combinatorial Optimization', 'PAC Learning', 'Computational Learning Theory', 'Computational Complexity', 'Regret Analysis', 'Theoretical CS']","['Computer Science', 'Electrical Engineering', 'Statistics']",3.4,14,MS1,23,1,Hybrid,2,"As a Theoretical Computer Science Researcher, you will be responsible for designing and analyzing algorithms, developing formal methods for machine learning, and proving the complexity and efficiency of computational learning models. You will work on various projects involving PAC learning, computational learning theory, computational complexity, regret analysis, and combinatorial optimization. Your role will involve creating mathematical proofs, designing efficient algorithms, and contributing to the advancement of theoretical computer science."
J0058,Robotics,"['Dynamics Modeling', 'MuJoCo', 'Imitation Learning', 'Localization', 'V-REP', 'SLAM', 'Motion Planning', 'Inverse Kinematics', 'Navigation', 'Particle Filters']","['Electrical Engineering', 'Applied Data Science', 'Computer Science']",3.04,8,UG1,19,2,Online,0,"As a Robotics Engineer, you will be responsible for developing advanced algorithms for robotics systems. Your primary focus will be on implementing and optimizing dynamics modeling using MuJoCo, imitation learning, localization, and navigation techniques. Additionally, you will work on integrating SLAM, motion planning, inverse kinematics, and particle filters to enhance the overall performance of the robot. Your contributions will play a crucial role in creating intelligent and efficient robotics solutions. [REVIEW] This job description provides a clear overview of the technical tasks and responsibilities for a Robotics Engineer role. It highlights the required skills, such as dynamics modeling, MuJoCo, imitation learning, localization."
J0059,Reinforcement Learning,"['DDPG', 'Monte Carlo Methods', 'Exploration Strategies', 'Bellman Equation', 'Multi-Agent RL', 'TRPO', 'Dynamic Programming', 'Reward Shaping', 'Inverse RL', 'Model-Based RL']","['Computer Science', 'Electrical Engineering', 'Applied Data Science']",3.45,29,UG1,10,1,No Preference,2,"As a Reinforcement Learning Engineer, you will be responsible for designing, developing, and implementing advanced reinforcement learning algorithms to solve complex decision-making problems. Your primary focus will be on mastering techniques such as DDPG, Monte Carlo Methods, and Exploration Strategies, while also delving into the Bellman Equation, Multi-Agent RL, TRPO, and Dynamic Programming. You will work on shaping rewards, creating models, and devising inverse reinforcement learning strategies to optimize decision-making processes in dynamic environments."
J0060,Theory,"['Optimization Theory', 'Combinatorial Optimization', 'Algorithm Design', 'PAC Learning', 'High-Dimensional Statistics', 'Convex Optimization', 'Online Learning', 'Graph Theory', 'Mathematical Proofs', 'Theoretical CS']","['Computer Science', 'Applied Data Science', 'Electrical Engineering']",3.48,23,UG1,15,2,Online,2,"As a researcher in the field of theory, the candidate will focus on developing and analyzing optimization algorithms for various problems in computer science. This will involve applying techniques from combinatorial optimization, algorithm design, PAC learning, high-dimensional statistics, convex optimization, online learning, graph theory, and mathematical proofs. The candidate will work on designing and proving the efficiency and effectiveness of these algorithms, contributing to the advancement of theoretical computer science."
J0061,Applications (Other),"['Data Privacy', 'Medical Imaging', 'Forecasting', 'Fairness in ML', 'Survival Analysis', 'Drug Discovery', 'Bioinformatics', 'Healthcare Analytics', 'Statistical Modeling', 'Anomaly Detection']","['Electrical Engineering', 'Applied Math', 'Computer Science']",2.17,34,UG2,25,2,Online,1,"As a Data Scientist in the Applications (Other) industry, the candidate will be responsible for applying their expertise in data privacy, medical imaging, forecasting, fairness in machine learning, survival analysis, drug discovery, bioinformatics, healthcare analytics, statistical modeling, and anomaly detection to develop innovative solutions. They will work on projects that involve analyzing and interpreting complex data sets to improve the accuracy and efficiency of medical imaging, predict drug efficacy, and enhance the fairness of machine learning models. The candidate will also collaborate with cross-functional teams to implement their findings and ensure the integrity and security of sensitive data."
J0062,Robotics,"['SLAM', 'Obstacle Avoidance', 'Gazebo Simulation', 'Grasping', 'PID Control', 'Motion Planning', 'Trajectory Optimization', 'Computer Vision for Robotics', 'Navigation', 'State Estimation']","['Computer Science', 'Applied Data Science', 'Electrical Engineering']",3.71,23,UG1,24,2,In Person,1,"As a Robotics Engineer, you will be responsible for designing, implementing, and testing advanced robotics algorithms for tasks such as SLAM, obstacle avoidance, and grasping. You will work on developing robust motion planning and trajectory optimization techniques, utilizing computer vision for robotics to navigate complex environments and perform accurate state estimation. Additionally, you will collaborate with the team to integrate your algorithms into Gazebo simulation, ensuring the robot's performance in both simulation and real-world scenarios."
J0063,Theory,"['Information Theory', 'Convex Optimization', 'Online Learning', 'Optimization Theory', 'Computational Learning Theory', 'Compressed Sensing', 'Algorithm Design', 'Computational Complexity', 'Approximation Algorithms', 'Statistical Learning Theory']","['Computer Science', 'Electrical Engineering', 'Applied Data Science']",3.78,36,UG2,5,3,Online,0,"As a researcher in the field of Information Theory, the candidate will be responsible for developing novel algorithms and theoretical foundations for data compression, communication, and learning systems. They will work on designing and analyzing computational learning theory, convex optimization, and online learning techniques to solve complex optimization problems in data compression, communication, and machine learning. Additionally, the candidate will contribute to the development of approximation algorithms, computational complexity, and statistical learning theory to advance the state-of-the-art in information theory and its applications."
J0064,Theory,"['Computational Learning Theory', 'Linear Algebra', 'Compressed Sensing', 'Algorithm Design', 'PAC Learning', 'Theoretical CS', 'Formal Methods', 'High-Dimensional Statistics', 'Sparse Recovery', 'Probability Theory']","['Electrical Engineering', 'Applied Data Science', 'Computer Science']",2.2,1,UG2,1,1,Hybrid,0,"As a computational learning theorist in our research team, you will be responsible for designing and analyzing novel algorithms in high-dimensional statistics, sparse recovery, and compressed sensing. You will collaborate with other researchers to develop theoretical foundations for these algorithms, focusing on their computational efficiency and robustness. Additionally, you will contribute to the development of formal methods for analyzing the performance of these algorithms, with a particular emphasis on PAC learning and probability theory."
J0065,Reinforcement Learning,"['Multi-Agent RL', 'Deep Q-Networks', 'PPO', 'OpenAI Gym', 'Exploration Strategies', 'Actor-Critic', 'Policy Gradient', 'Reward Shaping', 'Unity ML-Agents', 'Monte Carlo Methods']","['Computer Science', 'Electrical Engineering', 'Applied Data Science']",2.92,6,UG4,33,1,Hybrid,1,"As a Reinforcement Learning Engineer, you will be responsible for designing, developing, and implementing advanced multi-agent reinforcement learning algorithms using Deep Q-Networks, Proximal Policy Optimization (PPO), and other relevant techniques such as Actor-Critic and Policy Gradient methods. Your primary focus will be on creating efficient exploration strategies to optimize learning in complex environments, using tools like OpenAI Gym and Unity ML-Agents. Additionally, you will work on shaping rewards and employing Monte Carlo methods to enhance the performance of your models, ultimately contributing to the development of intelligent agents capable of interacting effectively with dynamic and unpredictable environments."
J0066,Robotics,"['ROS', 'Motion Planning', 'Obstacle Avoidance', 'Manipulation', 'Grasping', 'SLAM', 'Robot Learning', 'Navigation', 'Path Planning', 'State Estimation']","['Statistics', 'Computer Science', 'Electrical Engineering']",2.58,9,UG1,9,2,No Preference,2,"As a Robotics Engineer, the candidate will be responsible for designing and implementing advanced robotics systems using ROS (Robot Operating System). They will work on developing motion planning algorithms for robot manipulation, obstacle avoidance, and navigation, ensuring seamless integration with SLAM (Simultaneous Localization and Mapping) and robot learning technologies. Additionally, the candidate will contribute to path planning and state estimation, aiming to enhance the robot's ability to adapt to dynamic environments and perform complex tasks."
J0067,CV,"['VGG', 'VAE', 'Style Transfer', 'Facial Recognition', 'GAN', 'YOLO', '3D Vision', 'Super Resolution', 'Image Classification', 'OCR']","['Applied Data Science', 'Electrical Engineering', 'Computer Science']",2.81,14,UG4,22,4,No Preference,2,"As a Computer Vision Engineer, the candidate will be responsible for designing, implementing, and optimizing various deep learning models such as VGG, VAE, Style Transfer, Facial Recognition, GAN, YOLO, 3D Vision, Super Resolution, Image Classification, and OCR. They will work on developing innovative solutions to real-world problems, including image and video analysis, object detection, and text recognition. Additionally, the candidate will collaborate with a cross-functional team to integrate their models into larger systems and ensure the accuracy and efficiency of the overall solution."
J0068,Applications (Other),"['Explainable AI', 'Drug Discovery', 'Survival Analysis', 'HIPAA Compliance', 'Ethics in AI', 'Clinical Data Analysis', 'Healthcare Analytics', 'Signal Processing', 'Time Series Analysis', 'Anomaly Detection']","['Quantitative Biology', 'Computer Science', 'Economics']",2.78,23,UG2,36,2,In Person,1,"As a Data Scientist in the Applications (Other) industry, you will be responsible for developing and implementing Explainable AI models to aid in drug discovery. You will analyze clinical data and healthcare analytics using techniques such as Survival Analysis, Signal Processing, and Time Series Analysis. Additionally, you will ensure HIPAA compliance, apply ethical principles in AI, and detect anomalies in the data to improve the overall efficiency and accuracy of the drug discovery process."
J0069,Theory,"['Mathematical Proofs', 'Game Theory', 'Computational Complexity', 'VC Dimension', 'Compressed Sensing', 'Computational Learning Theory', 'Graph Theory', 'Convex Optimization', 'Concentration Inequalities', 'Information Theory']","['Computer Science', 'Electrical Engineering', 'Applied Data Science']",2.28,30,UG2,7,2,In Person,1,"The selected candidate will be responsible for developing and implementing mathematical models in the field of theory, specifically focusing on areas such as mathematical proofs, game theory, computational complexity, VC dimension, compressed sensing, computational learning theory, graph theory, convex optimization, concentration inequalities, and information theory. They will work on designing and analyzing algorithms, proving their correctness, and evaluating their computational complexity. Additionally, the candidate will collaborate with other researchers to apply these theories to real-world problems, contributing to the advancement of the field."
J0070,CV,"['Transfer Learning', 'GAN', 'Super Resolution', 'Facial Recognition', '3D Vision', 'Stereo Vision', 'Convolutional Neural Networks', 'ResNet', 'Pose Estimation', 'Mask R-CNN']","['Applied Data Science', 'Computer Science', 'Applied Math']",2.49,19,UG3,23,1,No Preference,0,"As a Computer Vision Engineer, you will be responsible for developing advanced algorithms for transfer learning, generative adversarial networks (GAN), and super-resolution techniques. Your primary focus will be on implementing and optimizing facial recognition, 3D vision, and stereo vision systems using Convolutional Neural Networks (CNN), ResNet, and Mask R-CNN. Additionally, you will work on enhancing pose estimation capabilities to improve the accuracy and efficiency of our vision-based applications."
J0071,Reinforcement Learning,"['Off-Policy Learning', 'Dynamic Programming', 'Q-Learning', 'Policy Gradient', 'Exploration Strategies', 'SAC', 'Temporal Difference', 'OpenAI Gym', 'Unity ML-Agents', 'Model-Based RL']","['Statistics', 'Applied Math', 'Computer Science']",2.28,19,UG3,37,1,Online,0,"As a Reinforcement Learning Engineer, you will be responsible for designing and implementing advanced algorithms for off-policy learning, dynamic programming, and Q-Learning. Your primary focus will be on developing and optimizing policy gradient methods, such as Soft Actor-Critic (SAC), and employing exploration strategies to ensure efficient learning. You will also work on integrating these algorithms with popular RL frameworks like OpenAI Gym and Unity ML-Agents, and apply them to solve complex reinforcement learning problems."
J0072,CV,"['Object Detection', '3D Vision', 'Image Segmentation', 'ResNet', 'VAE', 'GAN', 'Image Generation', 'OCR', 'Facial Recognition', 'SLAM']","['Computer Science', 'Applied Math', 'Statistics']",2.39,32,UG1,23,2,No Preference,2,"As a Computer Vision Engineer, the candidate will be responsible for designing, developing, and implementing advanced object detection, 3D vision, and image segmentation algorithms using state-of-the-art techniques such as ResNet, Variational Autoencoders (VAE), and Generative Adversarial Networks (GAN). They will work on image generation, Optical Character Recognition (OCR), facial recognition, and Simultaneous Localization and Mapping (SLAM) systems to enhance the performance and efficiency of our AI-powered products. The successful candidate will collaborate with a multidisciplinary team to integrate these technologies into real-world applications, ensuring the delivery of high-quality."
J0073,Robotics,"['Inverse Kinematics', 'Motion Planning', 'Control Systems', 'Manipulation', 'Gazebo Simulation', 'Imitation Learning', 'ROS', 'Computer Vision for Robotics', 'Dynamics Modeling', 'Kalman Filters']","['Statistics', 'Electrical Engineering', 'Computer Science']",3.38,16,UG3,21,2,No Preference,0,"As a Robotics Engineer, you will be responsible for designing, developing, and implementing advanced robotics systems. Your primary focus will be on developing inverse kinematics, motion planning, and control systems for robotic manipulators. You will also work on integrating Gazebo simulation, imitation learning, and computer vision for robotics to enhance the performance and adaptability of the robots. Additionally, you will model the dynamics of the robots and implement Kalman filters for improved accuracy and stability in their operations."
J0074,Reinforcement Learning,"['Temporal Difference', 'DDPG', 'Bellman Equation', 'TD3', 'Exploration Strategies', 'Off-Policy Learning', 'Monte Carlo Methods', 'Policy Gradient', 'Experience Replay', 'Deep Q-Networks']","['Computer Science', 'Electrical Engineering', 'Applied Data Science']",2.79,29,UG1,21,2,No Preference,1,"As a Reinforcement Learning Engineer, the candidate will be responsible for designing, implementing, and optimizing deep learning models using various reinforcement learning techniques such as Temporal Difference, DDPG, and Bellman Equation. They will work on developing and improving off-policy learning algorithms, including TD3, and employing exploration strategies to enhance the efficiency of the learning process. The candidate will also focus on refining and integrating Monte Carlo methods, policy gradient techniques, and experience replay mechanisms into deep Q-networks to create robust and scalable reinforcement learning systems."
J0075,Applications (Other),"['Genomics', 'Data Analysis', 'Explainable AI', 'Privacy-Preserving ML', 'Experimental Design', 'Medical Imaging', 'Clinical Data Analysis', 'Time Series Analysis', 'Drug Discovery', 'Bioinformatics']","['Applied Data Science', 'Applied Math', 'Statistics']",2.72,5,UG4,20,1,Hybrid,0,"As a Genomics Data Analyst, the candidate will be responsible for analyzing complex genomic data to identify patterns and insights that can aid in drug discovery and medical research. They will work on developing explainable AI models to ensure transparency and interpretability in the results, while also implementing privacy-preserving machine learning techniques to protect patient data. Additionally, the candidate will design and execute experiments, analyze medical imaging and clinical data, and perform time series analysis to monitor trends and make informed decisions."
J0076,Applications (Other),"['Anomaly Detection', 'Data Privacy', 'Bioinformatics', 'Survival Analysis', 'HIPAA Compliance', 'Differential Privacy', 'Clinical Data Analysis', 'A/B Testing', 'Healthcare Analytics', 'Federated Learning']","['Computer Science', 'Applied Data Science', 'Electrical Engineering']",2.36,9,UG1,12,4,No Preference,2,"As a Senior Data Scientist in the Applications (Other) industry, you will be responsible for developing and implementing advanced data analysis techniques to identify anomalies in complex healthcare datasets. Your role will involve ensuring compliance with data privacy regulations such as HIPAA, implementing differential privacy methods to protect patient data, and conducting clinical data analysis to improve healthcare outcomes. Additionally, you will work on A/B testing and healthcare analytics projects, employing bioinformatics, survival analysis, and federated learning to drive meaningful insights and improvements in patient care."
J0077,CV,"['VAE', '3D Vision', 'Pose Estimation', 'OCR', 'SLAM', 'Facial Recognition', 'Inception', 'Stereo Vision', 'R-CNN', 'Point Cloud Processing']","['Computer Science', 'Applied Math', 'Applied Data Science']",2.12,28,UG3,18,2,In Person,1,"In this role, the candidate will be responsible for developing and implementing advanced computer vision algorithms for a variety of tasks, including object detection using R-CNN, facial recognition, and stereo vision. They will also work on generating 3D point clouds from images and processing them, as well as utilizing techniques such as VAE, OCR, SLAM, and Inception for enhanced performance in the field of 3D vision and pose estimation. The successful candidate will collaborate with a team of researchers and engineers to create innovative solutions that push the boundaries of computer vision technology."
J0078,NLP,"['POS Tagging', 'BERT', 'Prompt Engineering', 'Attention Mechanisms', 'Language Modeling', 'GPT', 'Text Summarization', 'Information Extraction', 'Seq2Seq', 'Fine-tuning LLMs']","['Computer Science', 'Applied Data Science', 'Statistics']",3.04,2,UG4,37,2,No Preference,2,"As a Natural Language Processing (NLP) Engineer, you will be responsible for designing, developing, and implementing advanced machine learning models to improve language understanding and processing. Your primary focus will be on applying techniques such as POS tagging, BERT, prompt engineering, attention mechanisms, language modeling, GPT, text summarization, information extraction, Seq2Seq, and fine-tuning large language models (LLMs) to various NLP tasks. You will work on enhancing the performance of these models, ensuring they are efficient, accurate, and adaptable to real-world scenarios. Additionally, you will collaborate with cross-functional teams to integrate your models into practical applications, contributing to the development."
J0079,Reinforcement Learning,"['Deep Q-Networks', 'Unity ML-Agents', 'Actor-Critic', 'Model-Based RL', 'Policy Gradient', 'Exploration Strategies', 'TRPO', 'Experience Replay', 'TD3', 'Off-Policy Learning']","['Computer Science', 'Electrical Engineering', 'Applied Math']",3.78,33,MS1,40,2,Hybrid,1,"As a Reinforcement Learning Engineer, you will be responsible for designing, implementing, and optimizing deep reinforcement learning algorithms to train agents in complex environments. Specifically, you will work on developing deep Q-Networks and other advanced RL techniques, such as Actor-Critic methods, Policy Gradient, and Model-Based RL. Additionally, you will focus on implementing these techniques using Unity ML-Agents and other popular RL libraries, while also exploring novel exploration strategies, such as TRPO, Experience Replay, TD3, and Off-Policy Learning, to ensure efficient and effective learning."
J0080,NLP,"['Fine-tuning LLMs', 'Word Embeddings', 'Dialog Systems', 'Text Summarization', 'BERT', 'Prompt Engineering', 'GPT', 'Chatbots', 'Text Classification', 'Seq2Seq']","['Applied Data Science', 'Electrical Engineering', 'Computer Science']",2.51,9,UG3,6,1,Hybrid,1,"As a Natural Language Processing (NLP) Engineer, you will be responsible for designing, implementing, and fine-tuning state-of-the-art Language Models (LLMs) to enhance various NLP applications. You will work on developing word embeddings, dialog systems, text summarization, and text classification models using advanced techniques such as BERT, GPT, and Prompt Engineering. Additionally, you will design and improve chatbots and sequential models for specific tasks, ensuring their efficiency and effectiveness in real-world scenarios."
J0081,Robotics,"['Robot Learning', 'MuJoCo', 'Manipulation', 'Localization', 'Gazebo Simulation', 'Path Planning', 'Inverse Kinematics', 'Kalman Filters', 'Dynamics Modeling', 'Forward Kinematics']","['Computer Science', 'Electrical Engineering', 'Statistics']",3.46,33,UG1,28,1,Hybrid,1,"As a Robotics Engineer, you will be responsible for designing and implementing advanced robot learning algorithms using MuJoCo, a popular physics engine for robotics research. Your primary focus will be on developing manipulation, localization, and path planning techniques for robotic systems, leveraging your expertise in inverse kinematics, Kalman filters, and dynamics modeling. Additionally, you will work on simulating robotic scenarios using Gazebo, integrating your solutions into the simulation environment, and testing their performance in realistic, dynamic environments."
J0082,Reinforcement Learning,"['SAC', 'Model-Based RL', 'Reward Shaping', 'Experience Replay', 'TD3', 'PPO', 'Markov Decision Process', 'Policy Gradient', 'Inverse RL', 'Actor-Critic']","['Applied Math', 'Computer Science', 'Electrical Engineering']",2.91,34,MS1,3,1,No Preference,0,"As a Reinforcement Learning Engineer, the candidate will be responsible for designing, developing, and implementing advanced reinforcement learning algorithms, specifically focusing on SAC, Model-Based RL, Reward Shaping, Experience Replay, TD3, PPO, Markov Decision Process, Policy Gradient, Inverse RL, and Actor-Critic methods. The candidate will work on creating efficient and effective learning strategies for complex decision-making tasks, with a primary focus on optimizing agent behavior through reinforcement learning techniques. Additionally, the candidate will collaborate with the team to integrate these algorithms into real-world applications, enhancing the performance and adaptability of autonomous systems."
J0083,Reinforcement Learning,"['TRPO', 'Bellman Equation', 'Markov Decision Process', 'Experience Replay', 'Unity ML-Agents', 'Deep Q-Networks', 'OpenAI Gym', 'Monte Carlo Methods', 'TD3', 'Dynamic Programming']","['Applied Data Science', 'Electrical Engineering', 'Applied Math']",3.1,28,UG2,35,2,Online,1,"As a Reinforcement Learning Engineer, you will be responsible for designing, implementing, and optimizing reinforcement learning algorithms for various applications. Your primary tasks will involve applying techniques such as TRPO, Bellman Equation, Markov Decision Process, and Experience Replay to develop intelligent agents capable of learning from their interactions with environments. You will work extensively with Unity ML-Agents and OpenAI Gym to simulate and test these agents, and employ Deep Q-Networks, Monte Carlo Methods, TD3, and Dynamic Programming to improve their performance."
J0084,Robotics,"['Particle Filters', 'Navigation', 'Imitation Learning', 'Inverse Kinematics', 'Manipulation', 'State Estimation', 'Gazebo Simulation', 'Grasping', 'Sensor Fusion', 'Computer Vision for Robotics']","['Computer Science', 'Electrical Engineering', 'Applied Data Science']",3.44,8,UG3,4,2,In Person,2,"As a Robotics Engineer, you will be responsible for designing, implementing, and testing advanced algorithms for robot navigation, manipulation, and grasping. Your primary focus will be on developing state-of-the-art techniques for particle filters, inverse kinematics, and sensor fusion, while also working on imitation learning, navigation, and computer vision for robotics. You will utilize Gazebo simulation to test and refine your algorithms, ensuring they can function effectively in real-world scenarios."
J0085,CV,"['YOLO', 'VGG', 'Image Segmentation', 'Mask R-CNN', 'ResNet', 'VAE', 'Style Transfer', 'R-CNN', 'GAN', 'Stereo Vision']","['Computer Science', 'Electrical Engineering', 'Applied Data Science']",3.7,14,UG4,23,4,In Person,1,"As a Computer Vision Engineer, the candidate will be responsible for designing and implementing advanced machine learning models for image analysis tasks. This includes working on projects such as object detection using YOLO, VGG, and Mask R-CNN, image segmentation with ResNet, and style transfer using GAN. Additionally, the candidate will contribute to the development of more complex systems like Variational Autoencoders (VAE) and Stereo Vision algorithms."
J0086,CV,"['EfficientNet', 'Transfer Learning', 'Data Augmentation', 'Image Segmentation', 'Point Cloud Processing', 'SLAM', 'Convolutional Neural Networks', 'Inception', 'YOLO', 'Super Resolution']","['Computer Science', 'Electrical Engineering', 'Applied Data Science']",3.42,8,UG1,19,4,Online,2,"As a Computer Vision Engineer, you will be responsible for designing and implementing advanced machine learning models using EfficientNet, Transfer Learning, and Convolutional Neural Networks. Your primary focus will be on developing image segmentation techniques, data augmentation strategies, and applying these methods to real-world problems such as Point Cloud Processing and SLAM. Additionally, you will work on enhancing the performance of existing models through techniques like Super Resolution and refining object detection algorithms like YOLO."
J0087,NLP,"['POS Tagging', 'Text Summarization', 'Transformers', 'GPT', 'Chatbots', 'Text Generation', 'Machine Translation', 'Named Entity Recognition', 'Information Extraction', 'Tokenization']","['Computer Science', 'Electrical Engineering', 'Applied Math']",2.2,18,UG2,20,1,No Preference,2,"As a Natural Language Processing (NLP) Engineer, you will be responsible for designing, developing, and implementing cutting-edge NLP solutions. Your primary focus will be on tasks such as POS tagging, text summarization, and text generation using Transformers and GPT. Additionally, you will work on creating intelligent chatbots, performing machine translation, and implementing Named Entity Recognition and Information Extraction techniques. Tokenization will also be a crucial part of your work, ensuring the efficient processing of text data."
J0088,CV,"['VAE', 'Image Segmentation', 'YOLO', 'Image Generation', 'Facial Recognition', 'Super Resolution', 'Convolutional Neural Networks', 'Style Transfer', 'Transfer Learning', 'R-CNN']","['Computer Science', 'Electrical Engineering', 'Applied Math']",2.52,0,MS1,23,2,Online,2,"As a Computer Vision Engineer, the successful candidate will be responsible for developing and implementing advanced algorithms for image segmentation, object detection, and facial recognition using cutting-edge techniques such as VAE, YOLO, and R-CNN. They will work on projects involving image generation, super-resolution, and style transfer, utilizing Convolutional Neural Networks and Transfer Learning. Additionally, the candidate will contribute to projects focused on real-time object tracking and real-time super-resolution, further enhancing the capabilities of our image processing systems."
J0089,Robotics,"['Path Planning', 'State Estimation', 'Trajectory Optimization', 'Dynamics Modeling', 'Imitation Learning', 'Kalman Filters', 'V-REP', 'Particle Filters', 'ROS', 'Manipulation']","['Statistics', 'Computer Science', 'Electrical Engineering']",3.57,2,UG4,24,1,Hybrid,0,"As a Robotics Engineer, the candidate will be responsible for designing and implementing advanced path planning algorithms, state estimation techniques, and trajectory optimization strategies for autonomous robotic systems. They will work on modeling the dynamics of robotic manipulators, utilizing imitation learning and Kalman filters to improve system performance, and integrating these components with simulation software such as V-REP and ROS for real-world application. Additionally, the candidate will develop particle filter-based localization methods and enhance the overall robustness of the robot's manipulation capabilities."
J0090,Theory,"['Statistical Learning Theory', 'Theoretical CS', 'Mathematical Proofs', 'Sparse Recovery', 'Convex Optimization', 'Random Matrix Theory', 'Approximation Algorithms', 'Linear Algebra', 'Computational Complexity', 'Graph Theory']","['Computer Science', 'Applied Data Science', 'Statistics']",2.98,11,UG4,31,1,In Person,2,"In this role, the successful candidate will be responsible for conducting original research in the field of statistical learning theory, developing mathematical models and algorithms to solve complex problems in theoretical computer science. They will work on proving theoretical guarantees for sparse recovery and convex optimization techniques, analyze the computational complexity of their proposed algorithms, and collaborate with other researchers to extend their findings to other areas such as random matrix theory, approximation algorithms, linear algebra, and graph theory. The ultimate goal is to advance the state-of-the-art in statistical learning theory and its applications to machine learning and data science."
J0091,NLP,"['BERT', 'Language Modeling', 'Machine Translation', 'Fine-tuning LLMs', 'Chatbots', 'Dialog Systems', 'Word Embeddings', 'Prompt Engineering', 'Information Extraction', 'Seq2Seq']","['Electrical Engineering', 'Applied Data Science', 'Computer Science']",3.78,34,UG4,17,1,Hybrid,1,"As a Natural Language Processing Engineer, you will be responsible for designing, developing, and implementing state-of-the-art language models using BERT and other advanced techniques such as Language Modeling, Machine Translation, and Fine-tuning Large Language Models (LLMs). You will work on creating chatbots, dialog systems, and information extraction systems, leveraging technologies like Word Embeddings, Prompt Engineering, and Seq2Seq models. Your role will also involve continuous improvement and optimization of these systems to ensure they deliver accurate and efficient results."
J0092,Applications (Other),"['Data Privacy', 'Explainable AI', 'Ethics in AI', 'Bioinformatics', 'Clinical Data Analysis', 'Drug Discovery', 'Genomics', 'Medical Imaging', 'A/B Testing', 'Epidemiology']","['Applied Data Science', 'Applied Math', 'Economics']",2.66,33,UG3,6,1,No Preference,2,"As a Data Scientist in the Applications (Other) industry, the candidate will be responsible for applying their expertise in data privacy, explainable AI, and ethics in AI to develop innovative solutions. They will work on projects involving bioinformatics, clinical data analysis, drug discovery, genomics, medical imaging, A/B testing, and epidemiology. The candidate's primary focus will be on creating algorithms and models that are not only accurate but also transparent and compliant with data privacy regulations."
J0093,Reinforcement Learning,"['DDPG', 'Inverse RL', 'Model-Based RL', 'Actor-Critic', 'Policy Gradient', 'Bellman Equation', 'Off-Policy Learning', 'Bandit Algorithms', 'Unity ML-Agents', 'OpenAI Gym']","['Computer Science', 'Electrical Engineering', 'Applied Math']",2.3,28,UG3,29,2,No Preference,1,"As a Reinforcement Learning Engineer, the candidate will be responsible for designing, implementing, and optimizing advanced reinforcement learning algorithms such as DDPG, Inverse RL, Model-Based RL, and Actor-Critic methods. They will work on developing policies for complex decision-making tasks using Policy Gradient and Bellman Equation techniques. Additionally, the candidate will focus on creating and testing reinforcement learning models using popular platforms like Unity ML-Agents and OpenAI Gym, with the aim of improving the efficiency and performance of these models through off-policy learning and bandit algorithms."
J0094,Robotics,"['Motion Planning', 'Path Planning', 'MuJoCo', 'V-REP', 'Manipulation', 'Trajectory Optimization', 'State Estimation', 'Sensor Fusion', 'ROS', 'Localization']","['Computer Science', 'Statistics', 'Electrical Engineering']",3.53,28,UG1,9,2,Hybrid,1,"As a Robotics Engineer, you will be responsible for designing and implementing advanced motion and path planning algorithms for robotic systems. Your primary focus will be on developing robust solutions for manipulation, trajectory optimization, and state estimation using tools such as MuJoCo, V-REP, and ROS. Additionally, you will work on integrating sensor fusion and localization techniques to enable autonomous navigation and interaction with the environment."
J0095,CV,"['Object Detection', 'Facial Recognition', 'R-CNN', '3D Vision', 'VAE', 'EfficientNet', 'SLAM', 'OCR', 'Image Segmentation', 'Stereo Vision']","['Computer Science', 'Applied Data Science', 'Electrical Engineering']",2.95,25,UG3,18,1,In Person,2,"As a Computer Vision Engineer, the candidate will be responsible for designing and implementing advanced algorithms for object detection, facial recognition, and image segmentation using techniques such as R-CNN, EfficientNet, and VAE. They will also work on developing 3D vision systems, utilizing SLAM and stereo vision, and integrating OCR and text recognition to enhance the functionality of our products. Furthermore, the candidate will collaborate with the team to improve the overall performance and efficiency of our systems."
J0096,Reinforcement Learning,"['Reward Shaping', 'Exploration Strategies', 'Temporal Difference', 'DDPG', 'Actor-Critic', 'Multi-Agent RL', 'Markov Decision Process', 'Unity ML-Agents', 'SAC', 'Inverse RL']","['Computer Science', 'Electrical Engineering', 'Applied Data Science']",3.25,31,UG2,8,1,No Preference,0,"As a Reinforcement Learning Engineer, the candidate will be responsible for designing and implementing advanced reinforcement learning algorithms to optimize the performance of AI agents in complex environments. This will involve developing exploration strategies, shaping rewards, and utilizing techniques such as Temporal Difference, DDPG, and Actor-Critic methods. The candidate will also work on implementing multi-agent reinforcement learning algorithms, inverse reinforcement learning, and applying these techniques in the Unity ML-Agents platform, as well as experimenting with newer methods like SAC. The ultimate goal is to create intelligent AI agents that can learn and make decisions effectively in dynamic and unpredictable environments."
J0097,Robotics,"['Navigation', 'Path Planning', 'MuJoCo', 'Forward Kinematics', 'Trajectory Optimization', 'Imitation Learning', 'Kalman Filters', 'Particle Filters', 'Inverse Kinematics', 'State Estimation']","['Computer Science', 'Electrical Engineering', 'Applied Math']",3.53,11,UG3,33,1,Online,0,"As a Robotics Engineer, you will be responsible for designing, implementing, and optimizing navigation and path planning algorithms for our robotic systems. Your primary focus will be on developing robust solutions using techniques such as MuJoCo, Forward Kinematics, Trajectory Optimization, and Imitation Learning. Additionally, you will work on implementing advanced state estimation algorithms, including Kalman Filters, Particle Filters, and Inverse Kinematics, to improve the performance and accuracy of our robots."
J0098,NLP,"['Transformers', 'Attention Mechanisms', 'Topic Modeling', 'Document Clustering', 'Prompt Engineering', 'POS Tagging', 'Chatbots', 'Named Entity Recognition', 'GPT', 'Information Extraction']","['Computer Science', 'Electrical Engineering', 'Applied Data Science']",2.56,30,MS1,27,1,Online,1,"As a Natural Language Processing (NLP) Engineer, you will be responsible for designing, developing, and implementing advanced NLP models to improve the performance and efficiency of our language understanding systems. Your primary tasks will involve working on various NLP techniques such as Transformers, Attention Mechanisms, Topic Modeling, and Document Clustering. Additionally, you will be expected to engineer prompts, develop chatbots, and employ techniques like POS Tagging, Named Entity Recognition, and Information Extraction to enhance the capabilities of our language models, with a focus on the latest technologies like GPT."
J0099,Robotics,"['Path Planning', 'Navigation', 'Imitation Learning', 'MuJoCo', 'State Estimation', 'Trajectory Optimization', 'Localization', 'Kalman Filters', 'Sensor Fusion', 'Particle Filters']","['Computer Science', 'Applied Data Science', 'Electrical Engineering']",2.78,3,UG1,34,1,Online,1,"As a Robotics Engineer, the candidate will be responsible for designing and implementing advanced path planning and navigation algorithms for autonomous robots. They will work on integrating imitation learning techniques with MuJoCo simulations to train robots for complex tasks. Additionally, the candidate will develop state estimation and localization methods using Kalman filters and sensor fusion algorithms to enable accurate robot localization and navigation in dynamic environments."
J0100,Robotics,"['Control Systems', 'Trajectory Optimization', 'State Estimation', 'Inverse Kinematics', 'Path Planning', 'PID Control', 'Computer Vision for Robotics', 'Kalman Filters', 'Gazebo Simulation', 'Localization']","['Computer Science', 'Applied Data Science', 'Electrical Engineering']",3.13,34,UG1,33,1,Online,2,"As a Robotics Engineer, the candidate will be responsible for designing, developing, and implementing control systems for our advanced robotic platforms. This will involve working on tasks such as trajectory optimization, state estimation, and inverse kinematics to ensure smooth and efficient movement. Additionally, the candidate will work on path planning algorithms, PID control, and computer vision for robotics to enhance the performance and autonomy of our robots. Furthermore, the candidate will utilize Gazebo simulation and Kalman filters for testing and localization purposes."
